{"cameraMode":{"drawMode":0,"name":"Shaded","section":"Shading Mode"},"sceneLighting":true,"audioPlay":false,"sceneViewState":{"m_AlwaysRefresh":false,"showFog":true,"showSkybox":true,"showFlares":true,"showImageEffects":true,"showParticleSystems":true,"showVisualEffectGraphs":true,"m_FxEnabled":true},"in2DMode":false,"pivot":{"x":0.08945849537849426,"y":-0.31936728954315188,"z":-0.31450989842414858},"rotation":{"x":-0.0748128816485405,"y":0.9042174220085144,"z":-0.17748142778873444,"w":-0.3812502920627594},"size":1.2228459119796754,"orthographic":false}