{"cameraMode":{"drawMode":0,"name":"Shaded","section":"Shading Mode"},"sceneLighting":true,"audioPlay":false,"sceneViewState":{"m_AlwaysRefresh":false,"showFog":true,"showSkybox":true,"showFlares":true,"showImageEffects":true,"showParticleSystems":true,"showVisualEffectGraphs":true,"m_FxEnabled":true},"in2DMode":false,"pivot":{"x":-4.797446250915527,"y":1.4632622003555298,"z":2.284824848175049},"rotation":{"x":-0.21073554456233979,"y":0.7877056002616882,"z":-0.43630295991897585,"w":-0.38053596019744875},"size":2.9899070262908937,"orthographic":false}