{"cameraMode":{"drawMode":0,"name":"Shaded","section":"Shading Mode"},"sceneLighting":true,"audioPlay":false,"sceneViewState":{"m_AlwaysRefresh":false,"showFog":true,"showSkybox":true,"showFlares":true,"showImageEffects":true,"showParticleSystems":true,"showVisualEffectGraphs":true,"m_FxEnabled":true},"in2DMode":false,"pivot":{"x":1.2456523180007935,"y":1.0982773303985596,"z":0.4580366015434265},"rotation":{"x":-0.018839413300156595,"y":0.9732099771499634,"z":-0.2123321294784546,"w":-0.08636948466300965},"size":1.8269824981689454,"orthographic":false}