{"cameraMode":{"drawMode":0,"name":"Shaded","section":"Shading Mode"},"sceneLighting":true,"audioPlay":false,"sceneViewState":{"m_AlwaysRefresh":false,"showFog":true,"showSkybox":true,"showFlares":true,"showImageEffects":true,"showParticleSystems":true,"showVisualEffectGraphs":true,"m_FxEnabled":true},"in2DMode":false,"pivot":{"x":-0.43000003695487978,"y":0.07100000232458115,"z":0.25999999046325686},"rotation":{"x":-0.018839413300156595,"y":0.9732099771499634,"z":-0.2123321294784546,"w":-0.08636948466300965},"size":0.7433034181594849,"orthographic":false}