{"cameraMode":{"drawMode":0,"name":"Shaded","section":"Shading Mode"},"sceneLighting":false,"audioPlay":false,"sceneViewState":{"m_AlwaysRefresh":false,"showFog":false,"showSkybox":false,"showFlares":false,"showImageEffects":false,"showParticleSystems":false,"showVisualEffectGraphs":true,"m_FxEnabled":true},"in2DMode":false,"pivot":{"x":0.0050484538078308109,"y":0.7444325685501099,"z":0.049603670835494998},"rotation":{"x":-0.2245798259973526,"y":-0.5005454421043396,"z":0.13627465069293977,"w":-0.8248957991600037},"size":0.9865567684173584,"orthographic":false}