{"cameraMode":{"drawMode":0,"name":"Shaded","section":"Shading Mode"},"sceneLighting":false,"audioPlay":false,"sceneViewState":{"m_AlwaysRefresh":false,"showFog":false,"showSkybox":false,"showFlares":false,"showImageEffects":false,"showParticleSystems":false,"showVisualEffectGraphs":true,"m_FxEnabled":true},"in2DMode":false,"pivot":{"x":0.0050484538078308109,"y":0.7444325685501099,"z":0.049603670835494998},"rotation":{"x":-0.07187355309724808,"y":0.9280346632003784,"z":-0.2514640688896179,"w":-0.2652527093887329},"size":0.9865567684173584,"orthographic":false}