{"cameraMode":{"drawMode":0,"name":"Shaded","section":"Shading Mode"},"sceneLighting":true,"audioPlay":false,"sceneViewState":{"m_AlwaysRefresh":false,"showFog":true,"showSkybox":false,"showFlares":true,"showImageEffects":true,"showParticleSystems":true,"showVisualEffectGraphs":true,"m_FxEnabled":true},"in2DMode":false,"pivot":{"x":-0.11440977454185486,"y":-0.2776494026184082,"z":-0.5407624244689941},"rotation":{"x":-0.051297158002853397,"y":0.9402536153793335,"z":-0.16412703692913056,"w":-0.2939654290676117},"size":0.7535159587860107,"orthographic":false}