{"cameraMode":{"drawMode":0,"name":"Shaded","section":"Shading Mode"},"sceneLighting":true,"audioPlay":false,"sceneViewState":{"m_AlwaysRefresh":false,"showFog":true,"showSkybox":true,"showFlares":true,"showImageEffects":true,"showParticleSystems":true,"showVisualEffectGraphs":true,"m_FxEnabled":true},"in2DMode":false,"pivot":{"x":-0.3707767128944397,"y":1.4695615768432618,"z":-1.2394413948059083},"rotation":{"x":-0.16793100535869599,"y":0.5204841494560242,"z":-0.10523607581853867,"w":-0.8305615782737732},"size":6.210412979125977,"orthographic":false}