{"cameraMode":{"drawMode":0,"name":"Shaded","section":"Shading Mode"},"sceneLighting":true,"audioPlay":false,"sceneViewState":{"m_AlwaysRefresh":false,"showFog":true,"showSkybox":true,"showFlares":true,"showImageEffects":true,"showParticleSystems":true,"showVisualEffectGraphs":true,"m_FxEnabled":true},"in2DMode":false,"pivot":{"x":-0.35535570979118349,"y":0.9099700450897217,"z":1.0657309293746949},"rotation":{"x":-0.03521550074219704,"y":0.952786386013031,"z":-0.276042640209198,"w":-0.12156278640031815},"size":1.0831680297851563,"orthographic":false}