{"cameraMode":{"drawMode":0,"name":"Shaded","section":"Shading Mode"},"sceneLighting":true,"audioPlay":false,"sceneViewState":{"m_AlwaysRefresh":false,"showFog":true,"showSkybox":false,"showFlares":true,"showImageEffects":true,"showParticleSystems":true,"showVisualEffectGraphs":true,"m_FxEnabled":true},"in2DMode":false,"pivot":{"x":-0.2528938353061676,"y":0.006839126348495483,"z":0.11469386518001557},"rotation":{"x":-0.08190172910690308,"y":0.848177433013916,"z":-0.1375913918018341,"w":-0.5049893260002136},"size":0.9832650423049927,"orthographic":false}